GroupLabel,AvgSpentPerUser
A,1412.0344522554183
B,1512.8021815008708
